No,N,,Zn,E,Ǐ,L,,,
48213,20,j,ls,a@E,y,,,,
48214,80,,ls,,,,,,
48215,20,j,ls,Ј,y,E̋^,,,
48216,40,,ls,p[g,y,ƒ̋^,,,
48217,30,,ls,E,y,,,,
48218,50,,ls,E,y,,,,
48219,20,,ls,,,,,,
48220,20,j,ls,Ј,y,,,,
48221,40,,ls,Ј,y,z҂ƐڐG,,,
48222,60,,ls,p[g,y,,,,
48223,10Ζ,j,ls,w,Ǐ,ƒ̋^,,,
48224,20,,sOiOj,Ј,y,,,,
48225,50,j,ls,Ј,y,z҂ƐڐG,,,
48226,50,j,ls,Ј,y,ƒ̋^,,,
48227,50,j,ls,c,y,,,,
48228,20,,ls,p[g,y,ƒ̋^,,,
48229,50,j,ls,Ј,y,,,,
48230,10,,sOij,w,y,,,,
48231,20,j,sOisj,,y,,,,
48232,40,j,sOij,,,,,,
48233,10Ζ,j,ls,E,y,ƒ̋^,,,
48234,30,,ls,,y,,,,
48235,40,j,ls,,y,,,,
48236,20,,ls,,y,,,,
48237,70,,ls,H,y,,,,
48238,30,j,ls,,y,,,,
48239,50,j,ls,Ј,y,,,,
48240,20,j,ls,w,y,ƒ̋^,,,
48241,20,j,ls,w,y,,,,
48242,20,,ls,ۈm,y,,,,
48243,50,j,ls,Ј,y,ƒ̋^,,,
48244,20,,ls,w,y,ƒ̋^,,,
48245,20,j,ls,,,,,,
48246,20,j,ls,,,,,,
48247,20,,ls,Ј,y,,,,
No,N,,Zn,E,Ǐ,L,,,
48248,20,,ls,Ј,y,,,,
48249,20,j,ls,Ј,y,ƒ̋^,,,
48250,30,j,ls,Ј,y,,,,
48251,20,j,ls,ۈm,y,E̋^,,,
48252,20,j,ls,Ј,y,,,,
48253,60,j,ls,,,,,,
48254,50,,ls,p[g,y,ƒ̋^,,,
48255,20,j,ls,Ј,y,E̋^,,,
48256,10,,ls,w,y,z҂ƐڐG,,,
48257,30,j,sOij,,y,,,,
48258,40,j,ls,,y,,,,
48259,10,,ls,Z,Ǐ,ƒ̋^,,,
48260,30,,ls,Ј,y,,,,
48261,20,,ls,Ј,y,z҂ƐڐG,,,
48262,40,j,ls,Ј,y,,,,
48263,20,j,ls,Ј,y,,,,
48264,20,j,ls,p[g,y,ƒ̋^,,,
48265,20,,ls,E,y,ƒ̋^,,,
48266,10,j,ls,Z,y,,,,
48267,10Ζ,j,ls,E,y,ƒ̋^,,,
48268,30,j,ls,Ј,y,ƒ̋^,,,
48269,10,,ls,Z,y,,,,
48270,30,j,ls,Ј,y,,,,
48271,30,j,ls,Ј,y,,,,
48272,50,,ls,,y,,,,
48273,30,,ls,E,y,,,,
48274,50,,ls,E,y,ƒ̋^,,,
48275,20,,ls,,y,,,,
48276,30,j,ls,c,y,,,,
48277,20,,ls,Ј,y,E̋^,,,
48278,40,j,ls,E,y,,,,
48279,20,,ls,,y,,,,
48280,40,j,ls,Ј,y,,,,
48281,10,j,ls,w,y,,,,
48282,30,j,ls,,y,,,,
48283,30,,ls,Ј,y,,,,
No,N,,Zn,E,Ǐ,L,,,
48284,50,,ls,Ј,y,ƒ̋^,,,
48285,50,j,ls,,,,,,
48286,80,,ls,,y,,,,
48287,20,j,ls,Ј,y,E̋^,,,
48288,10,j,ls,,y,ƒ̋^,,,
48289,10,j,ls,,y,ƒ̋^,,,
48290,20,j,ls,,y,z҂ƐڐG,,,
48291,10,,ls,w,y,ƒ̋^,,,
48292,40,,ls,Ј,y,,,,
48293,20,j,ls,Ј,y,,,,
48294,50,j,ls,,y,,,,
48295,10Ζ,j,ls,w,y,ƒ̋^,,,
48296,20,,ls,Ј,y,,,,
48297,50,j,ls,Ј,y,,,,
48298,30,j,ls,Ј,y,E̋^,,,
48299,30,j,ls,,y,,,,
48300,50,j,ls,Ј,y,E̋^,,,
48301,20,j,ls,,y,,,,
48302,50,j,ls,Ј,y,E̋^,,,
48303,20,j,ls,,y,z҂ƐڐG,,,
48304,30,j,ls,Ј,y,E̋^,,,
48305,30,j,ls,Ј,y,ƒ̋^,,,
48306,10Ζ,,ls,,,,,,
48307,40,j,ls,,,,,,
48308,10,,ls,,,,,,
48309,30,j,ls,Ј,y,,,,
48310,10,j,ls,w,y,,,,
48311,50,,ls,p[g,y,,,,
48312,10,,ls,w,y,ƒ̋^,,,
48313,20,j,ls,,y,,,,
48314,10,j,ls,,y,,,,
48315,20,j,ls,Ј,y,,,,
48316,30,j,ls,,y,,,,
48317,30,j,ls,,y,,,,
48318,10Ζ,,ls,E,Ǐ,z҂ƐڐG,,,
48319,50,,ls,E,y,,,,
No,N,,Zn,E,Ǐ,L,,,
48320,50,j,ls,c,y,,,,
48321,10,j,ls,,,,,,
48322,30,j,ls,,y,,,,
48323,30,j,ls,Ј,y,,,,
48324,20,,ls,Ј,y,z҂ƐڐG,,,
48325,10,,ls,,,,,,
48326,20,,ls,w,y,,,,
48327,10,,ls,w,y,z҂ƐڐG,,,
48328,20,,ls,Ј,y,,,,
48329,30,,ls,,,,,,
48330,40,j,ls,Ј,y,ƒ̋^,,,
48331,30,j,ls,Ј,y,E̋^,,,
48332,20,,ls,ۈm,y,E̋^,,,
48333,20,,ls,w,y,,,,
48334,50,j,ls,Ј,y,,,,
48335,30,,ls,E,y,,,,
48336,40,,ls,,y,,,,
48337,40,j,ls,,y,,,,
48338,10,j,ls,Z,y,,,,
48339,20,j,ls,w,y,,,,
48340,30,j,ls,,y,,,,
48341,40,j,ls,,y,,,,
48342,40,j,ls,Ј,y,,,,
48343,80,,ls,E,,,,,
48344,20,j,ls,w,y,,,,
48345,10,,ls,w,y,,,,
48346,50,j,ls,p[g,y,,,,
48347,10,j,ls,w,Ǐ,ƒ̋^,,,
48348,30,,ls,Ј,y,,,,
48349,20,,ls,Ј,y,,,,
48350,20,,ls,E,y,ƒ̋^,,,
48351,30,j,ls,Ј,y,,,,
48352,20,j,ls,Ј,y,,,,
48353,50,,ls,Ј,y,,,,
48354,20,,ls,Ј,y,,,,
48355,20,j,ls,,,,,,
No,N,,Zn,E,Ǐ,L,,,
48356,30,,ls,,,,,,
48357,40,,ls,,,,,,
48358,30,j,ls,,y,,,,
48359,50,,ls,p[g,y,ƒ̋^,,,
48360,10,j,ls,w,y,,,,
48361,50,j,ls,,y,,,,
48362,30,j,ls,,y,,,,
48363,10,,ls,Z,y,,,,
48364,30,j,ls,Ј,y,,,,
48365,10,j,ls,E,y,,,,
48366,20,j,ls,,,,,,
48367,60,j,ls,Ј,y,,,,
48368,20,,ls,,y,,,,
48369,30,,ls,,y,,,,
48370,50,j,ls,Ј,y,,,,
48371,80,,ls,E,y,,,,
48372,30,,ls,,y,,,,
48373,40,,ls,Ј,y,,,,
48374,10,j,ls,,,,,,
48375,50,,ls,,,,,,
48376,50,,ls,,,,,,
48377,20,j,ls,,,,,,
48378,50,,ls,,,,,,
48379,60,j,ls,E,y,,,,
48380,50,,ls,,y,,,,
48381,30,,ls,E,y,,,,
48382,30,,ls,c,y,,,,
48383,30,j,ls,,y,,,,
48384,40,j,ls,Ј,y,,,,
48385,10,j,ls,Z,y,,,,
48386,40,,ls,E,y,,,,
48387,80,,ls,E,y,,,,
48388,50,j,ls,,y,,,,
48389,50,,ls,̑,y,,,,
48390,40,,ls,,,,,,
48391,20,,ls,p[g,y,,,,
No,N,,Zn,E,Ǐ,L,,,
48392,30,j,ls,Ј,y,ƒ̋^,,,
48393,30,,ls,Ј,y,,,,
48394,10Ζ,,ls,E,y,ƒ̋^,,,
48395,40,j,ls,,Ǐ,ƒ̋^,,,
48396,30,,ls,E,Ǐ,,,,
48397,10,j,ls,Z,y,,,,
48398,20,,ls,,,,,,
48399,50,j,ls,,,,,,
48400,10,j,ls,,y,,,,
48401,10,j,ls,Z,y,,,,
48402,50,,ls,,,,,,
48403,20,,ls,Ј,y,,,,
48404,50,,ls,p[g,y,,,,
48405,30,j,ls,Ј,Ǐ,,,,
48406,50,,ls,p[g,y,ƒ̋^,,,
48407,10,j,ls,w,y,,,,
48408,30,,ls,,,,,,
48409,40,j,ls,,Ǐ,ƒ̋^,,,
48410,50,j,ls,p[g,y,,,,
48411,40,,ls,Ј,y,ƒ̋^,,,
48412,70,,ls,,y,,,,
48413,20,j,ls,Ј,y,,,,
48414,20,,ls,,y,,,,
48415,30,,ls,Ј,y,,,,
48416,20,,ls,,,,,,
48417,30,j,ls,Ј,y,,,,
48418,20,,ls,w,y,,,,
48419,40,,ls,Ј,y,,,,
48420,50,j,ls,,,,,,
48421,20,,ls,p[g,y,,,,
48422,40,j,ls,,,,,,
48423,20,j,ls,Ј,y,,,,
48424,10,,ls,w,y,ƒ̋^,,,
48425,30,j,ls,Ј,y,,,,
48426,20,j,ls,E,y,ƒ̋^,,,
48427,40,j,ls,Ј,y,,,,
No,N,,Zn,E,Ǐ,L,,,
48428,10Ζ,,ls,E,y,ƒ̋^,,,
48429,30,,ls,E,y,z҂ƐڐG,,,
48430,20,j,ls,w,y,,,,
48431,30,,ls,p[g,y,,,,
48432,40,j,sOiOj,Ј,y,E̋^,,,
48433,60,j,sOiOj,Ј,y,E̋^,,,
48434,50,,ls,,,,,,
48435,40,j,ls,,,,,,
48436,20,j,ls,Ј,y,,,,
48437,50,j,ls,,,,,,
48438,30,,sOij,Ј,y,,,,
48439,20,j,sOiOj,Ј,y,ƒ̋^,,,
48440,70,,ls,E,y,ƒ̋^,,,
48441,40,,ls,Ј,y,,,,
48442,30,j,ls,,,,,,
48443,60,j,ls,,,,,,
48444,50,j,ls,Ј,y,,,,
48445,20,j,ls,Ј,y,,,,
48446,40,,ls,E,y,,,,
48447,50,j,ls,,y,,,,
48448,20,j,ls,Ј,y,z҂ƐڐG,,,
48449,10,,ls,,,,,,
48450,50,j,ls,Ј,y,,,,
48451,40,,ls,,,,,,
48452,40,,ls,p[g,y,,,,
48453,10,j,ls,,,,,,
48454,10,,ls,,,,,,
48455,10,j,ls,,,,,,
48456,20,j,ls,Ј,y,,,,
48457,10Ζ,j,ls,,,,,,
48458,50,j,ls,Ј,y,,,,
48459,40,j,ls,Ј,y,,,,
48460,20,,ls,E,y,ƒ̋^,,,
48461,10,,ls,w,y,,,,
48462,20,j,ls,Ј,y,,,,
48463,30,j,ls,,y,,,,
No,N,,Zn,E,Ǐ,L,,,
48464,10,j,ls,Z,y,,,,
48465,10,j,sOij,Z,y,ƒ̋^,,,
48466,10,j,sOij,w,y,ƒ̋^,,,
48467,20,j,ls,Ј,y,,,,
48468,40,j,ls,Ј,y,,,,
48469,20,j,ls,,y,,,,
48470,20,,ls,,y,ƒ̋^,,,
48471,20,j,ls,Ј,y,,,,
48472,40,,ls,E,y,ƒ̋^,,,
48473,30,,ls,,,,,,
48474,40,,ls,,y,z҂ƐڐG,,,
48475,40,j,ls,Ј,y,,,,
48476,10,,ls,w,y,,,,
48477,20,j,ls,Ј,y,,,,
48478,20,j,ls,,y,,,,
48479,20,j,ls,Ј,y,,,,
48480,50,j,ls,Ј,y,E̋^,,,
48481,20,,ls,E,y,,,,
48482,40,j,ls,Ј,y,ƒ̋^,,,
48483,10,j,ls,Z,y,ƒ̋^,,,
48484,10,,ls,w,y,,,,
48485,10,,ls,,,,,,
48486,40,,ls,Ōt,y,E̋^,,,
48487,40,j,ls,p[g,y,,,,
48488,20,j,ls,Ј,y,z҂ƐڐG,,,
48489,30,j,sOij,c,y,,,,
48490,10,j,ls,w,y,ƒ̋^,,,
48491,30,j,ls,,,,,,
48492,60,j,ls,,,,,,
48493,30,j,ls,Ј,y,,,,
48494,20,j,ls,w,y,,,,
48495,30,,ls,Ј,y,,,,
48496,80,,ls,E,y,,,,
48497,50,j,ls,,y,,,,
48498,50,j,ls,,y,,,,
48499,10,,ls,w,y,,,,
No,N,,Zn,E,Ǐ,L,,,
48500,50,,ls,,y,,,,
48501,30,j,ls,Ј,y,ƒ̋^,,,
48502,30,j,ls,Ј,y,,,,
48503,70,j,ls,E,y,ƒ̋^,,,
48504,50,j,ls,Ј,y,,,,
48505,40,,ls,Ј,y,ƒ̋^,,,
48506,10Ζ,,ls,w,y,ƒ̋^,,,
48507,50,j,ls,Ј,y,,,,
48508,20,,ls,,y,ƒ̋^,,,
48509,40,,ls,E,y,ƒ̋^,,,
48510,50,j,ls,Ј,y,z҂ƐڐG,,,
48511,20,j,ls,w,y,,,,
48512,20,j,ls,Ј,y,,,,
48513,70,j,ls,E,y,z҂ƐڐG,,,
48514,30,,ls,,,,,,
48515,20,,ls,Ōt,y,,,,
48516,10,j,ls,w,y,ƒ̋^,,,
48517,30,j,sOij,c,y,,,,
48518,30,j,ls,Ј,y,z҂ƐڐG,,,
48519,50,,ls,Ј,y,E̋^,,,
48520,20,,ls,,,,,,
48521,40,,ls,,,,,,
48522,40,j,ls,Ј,y,,,,
48523,30,j,ls,Ј,y,,,,
48524,20,j,ls,Ј,y,,,,
48525,10,,ls,w,y,,,,
48526,20,j,ls,,,,,,
48527,30,j,ls,c,y,E̋^,,,
48528,10Ζ,,ls,E,y,ƒ̋^,,,
48529,40,,ls,Ј,y,,,,
48530,50,j,ls,c,y,,,,
48531,20,,ls,Ј,y,,,,
48532,20,j,ls,Ј,y,,,,
48533,40,j,ls,c,y,z҂ƐڐG,,,
48534,10,j,ls,w,y,,,,
48535,20,,ls,Ј,y,,,,
No,N,,Zn,E,Ǐ,L,,,
48536,20,j,ls,w,y,,,,
48537,20,j,ls,Ј,y,,,,
48538,50,,ls,Ј,y,ƒ̋^,,,
48539,60,,ls,p[g,y,E̋^,,,
48540,40,,ls,Ј,y,,,,
48541,20,,ls,p[g,y,,,,
48542,30,,ls,Ј,y,,,,
48543,50,j,ls,Ј,y,,,,
48544,60,,ls,p[g,y,,,,
48545,20,,ls,E,y,,,,
48546,50,j,ls,c,y,ƒ̋^,,,
48547,50,j,ls,c,y,z҂ƐڐG,,,
48548,50,,ls,E,,ƒ̋^,,,
48549,30,j,ls,,,,,,
48550,40,j,ls,Ј,y,ƒ̋^,,,
48551,60,j,ls,Ј,y,,,,
48552,40,j,ls,Ј,y,,,,
48553,10,j,ls,,y,z҂ƐڐG,,,
48554,40,j,ls,Ј,y,,,,
48555,50,,ls,Ј,y,,,,
48556,30,,ls,p[g,y,,,,
48557,30,j,ls,Ј,y,,,,
48558,30,j,ls,Ј,y,E̋^,,,
48559,30,j,ls,Ј,y,,,,
48560,30,,ls,c,y,z҂ƐڐG,,,
48561,20,,ls,Ј,y,,,,
48562,10,j,ls,w,y,,,,
48563,10Ζ,j,ls,E,Ǐ,z҂ƐڐG,,,
48564,30,,ls,Ј,y,,,,
48565,50,,ls,p[g,y,E̋^,,,
48566,10Ζ,,ls,E,y,,,,
48567,20,j,ls,p[g,y,,,,
48568,20,,ls,E,y,,,,
48569,10,,ls,w,y,,,,
48570,10Ζ,j,ls,E,y,ƒ̋^,,,
48571,40,,ls,,y,,,,
No,N,,Zn,E,Ǐ,L,,,
48572,40,j,ls,Ј,y,,,,
48573,20,j,ls,w,y,,,,
48574,40,j,ls,Ј,y,,,,
48575,20,j,ls,,,,,,
48576,20,,ls,,,,,,
48577,20,j,ls,Ј,y,,,,
48578,30,j,ls,Ј,y,,,,
48579,30,j,ls,Ј,y,,,,
48580,20,j,ls,w,y,,,,
48581,20,,ls,p[g,y,,,,
48582,40,j,ls,Ј,y,,,,
48583,40,j,ls,,y,,,,
48584,40,,ls,c,y,ƒ̋^,,,
48585,20,j,ls,Ј,y,,,,
48586,20,j,ls,Ј,y,z҂ƐڐG,,,
48587,10Ζ,,ls,E,Ǐ,ƒ̋^,,,
48588,10,j,ls,w,y,ƒ̋^,,,
48589,10Ζ,j,ls,w,y,ƒ̋^,,,
48590,10,,ls,w,y,,,,
48591,20,j,ls,E,y,,,,
48592,20,,ls,,y,,,,
48593,30,j,ls,E,y,z҂ƐڐG,,,
48594,10Ζ,,ls,E,y,ƒ̋^,,,
48595,20,,ls,p[g,y,z҂ƐڐG,,,
48596,10Ζ,,ls,E,Ǐ,ƒ̋^,,,
48597,30,j,ls,Ј,Ǐ,z҂ƐڐG,,,
48598,30,j,ls,Ј,y,,,,
48599,60,j,ls,,y,,,,
48600,30,,ls,,,,,,
48601,20,,ls,Ј,y,E̋^,,,
48602,40,,ls,p[g,y,E̋^,,,
48603,50,,ls,E,y,ƒ̋^,,,
48604,90Έȏ,,ls,,y,,,,
48605,40,,ls,E,y,,,,
48606,10,,ls,w,y,ƒ̋^,,,
48607,40,j,ls,Ј,y,,,,
No,N,,Zn,E,Ǐ,L,,,
48608,50,j,ls,Ј,y,E̋^,,,
48609,40,j,ls,Ј,y,,,,
48610,40,,ls,p[g,y,ƒ̋^,,,
48611,40,,ls,E,y,z҂ƐڐG,,,
48612,20,,ls,Ј,y,z҂ƐڐG,,,
48613,20,,ls,Ј,y,,,,
48614,20,j,ls,Ј,y,,,,
48615,30,j,ls,Ј,y,,,,
48616,10Ζ,j,ls,E,Ǐ,ƒ̋^,,,
48617,30,j,ls,c,y,,,,
48618,20,,ls,ۈm,y,ƒ̋^,,,
48619,20,,sOij,,,,,,
48620,50,,ls,Ј,y,ƒ̋^,,,
48621,30,,ls,E,y,,,,
48622,10,,ls,,,,,,
48623,20,j,ls,,y,,,,
48624,40,,ls,,y,ƒ̋^,,,
48625,20,j,ls,w,y,ƒ̋^,,,
48626,40,,ls,Ј,y,ƒ̋^,,,
48627,20,j,sOij,Ј,y,,,,
48628,20,,ls,ۈm,y,{ݓɗz҂,,,
48629,10,j,ls,Z,y,z҂ƐڐG,,,
48630,30,j,ls,,y,,,,
48631,30,,ls,Ј,y,,,,
48632,40,j,ls,Ј,y,,,,
48633,40,j,ls,Ј,y,,,,
48634,30,j,ls,Ј,y,,,,
48635,20,j,ls,E,y,,,,
48636,40,,ls,Ј,y,ƒ̋^,,,
48637,20,j,ls,E,y,,,,
48638,40,,ls,Ј,y,ƒ̋^,,,
48639,40,j,ls,,,,,,
48640,10,j,ls,Z,y,ƒ̋^,,,
48641,70,j,ls,E,,,,,
48642,40,,ls,,,,,,
48643,20,j,ls,Ј,y,ƒ̋^,,,
No,N,,Zn,E,Ǐ,L,,,
48644,20,,ls,p[g,y,,,,
48645,80,j,ls,E,y,z҂ƐڐG,,,
48646,80,,ls,E,y,z҂ƐڐG,,,
48647,80,j,ls,E,y,ƒ̋^,,,
48648,30,j,ls,Ј,y,E̋^,,,
48649,50,j,ls,Ј,y,,,,
48650,40,,ls,,,,,,
48651,40,j,ls,,,,,,
48652,20,j,ls,Ј,y,,,,
48653,30,j,sOij,,y,,,,
48654,60,,ls,Ōt,Ǐ,z҂ƐڐG,,,
48655,40,,ls,E,y,,,,
48656,50,j,ls,Ј,y,ƒ̋^,,,
48657,30,j,ls,Ј,y,,,,
48658,60,,ls,,,,,,
48659,30,j,ls,Ј,y,,,,
48660,20,j,ls,,y,,,,
48661,80,j,ls,,y,ƒ̋^,,,
48662,40,,ls,p[g,y,,,,
48663,40,,ls,,y,ƒ̋^,,,
48664,50,,ls,E,y,,,,
48665,40,j,ls,Ј,y,,,,
48666,50,,ls,Ј,y,,,,
48667,40,j,ls,Ј,y,ƒ̋^,,,
48668,10Ζ,,ls,Ј,y,ƒ̋^,,,
48669,40,j,ls,Ј,y,,,,
48670,50,j,ls,,y,,,,
48671,20,j,ls,Ј,y,,,,
48672,20,,ls,Ј,y,,,,
48673,20,j,ls,,y,,,,
48674,30,j,ls,p[g,y,,,,
48675,20,j,ls,w,y,,,,
48676,20,j,ls,Ј,y,,,,
48677,20,j,ls,c,y,,,,
48678,10,j,ls,w,y,ƒ̋^,,,
48679,40,,ls,Ј,y,,,,
No,N,,Zn,E,Ǐ,L,,,
48680,30,,ls,Ј,y,,,,
48681,20,j,ls,Ј,y,,,,
48682,30,j,ls,,,,,,
48683,10,j,ls,w,y,ƒ̋^,,,
48684,20,j,ls,Ј,y,,,,
48685,30,j,ls,Ј,y,,,,
48686,30,,ls,Ј,y,,,,
48687,10Ζ,j,ls,,,,,,
48688,10,,ls,,,,,,
48689,20,j,ls,Ј,y,,,,
48690,40,,ls,Ј,y,,,,
48691,30,,ls,,,,,,
48692,70,,ls,,,,,,
48693,30,j,ls,Ј,y,,,,
48694,50,,ls,E,y,,,,
48695,30,,ls,Ј,y,E̋^,,,
48696,30,,ls,Ј,y,ƒ̋^,,,
48697,90Έȏ,j,ls,E,Ǐ,z҂ƐڐG,,,
48698,10,,ls,w,y,,,,
48699,50,j,ls,,y,,,,
48700,30,,ls,,,,,,
48701,50,j,ls,Ј,y,,,,
48702,20,j,ls,,y,,,,
48703,10,j,ls,w,Ǐ,ƒ̋^,,,
48704,50,j,ls,E,y,ƒ̋^,,,
48705,40,,ls,Ōt,Ǐ,z҂ƐڐG,,,
48706,80,j,ls,E,Ǐ,z҂ƐڐG,,,
48707,70,j,ls,E,Ǐ,z҂ƐڐG,,,
48708,60,,ls,Ōt,Ǐ,z҂ƐڐG,,,
48709,80,j,ls,E,y,z҂ƐڐG,,,
48710,20,,ls,p[g,y,,,,
48711,50,j,ls,Ј,y,ƒ̋^,,,
48712,40,j,ls,Ј,y,,,,
48713,60,j,ls,Ј,,,,,
48714,20,,ls,Ј,y,,,,
48715,30,j,ls,,,,,,
48716,50,j,ls,Ј,y,E̋^,,,
No,N,,Zn,E,Ǐ,L,,,
48717,20,,ls,Ј,y,z҂ƐڐG,,,
48718,20,,ls,Ōt,y,z҂ƐڐG,,,
48719,40,,ls,E,y,ƒ̋^,,,
48720,80,j,ls,E,,,,,
48721,60,j,ls,Ј,y,ƒ̋^,,,
48722,40,,ls,,y,,,,
48723,30,j,ls,,y,ƒ̋^,,,
48724,10Ζ,,ls,,y,ƒ̋^,,,
48725,40,j,ls,Ј,y,,,,
48726,10,j,ls,Ј,y,,,,
48727,20,j,ls,Ј,y,E̋^,,,
48728,20,j,ls,,y,,,,
48729,30,j,ls,,y,,,,
48730,30,j,ls,Ј,y,,,,
48731,50,,ls,,y,,,,
48732,40,,ls,,,,,,
48733,10,,ls,,,,,,
48734,10,j,ls,w,y,,,,
48735,10,,ls,,y,,,,
48736,30,j,ls,,,,,,
48737,50,j,ls,,,,,,
48738,60,j,ls,c,y,,,,
48739,20,j,ls,Ј,y,,,,
48740,30,,ls,,y,,,,
48741,20,j,ls,Ј,y,ƒ̋^,,,
48742,40,j,ls,,y,,,,
48743,30,j,ls,Ј,y,z҂ƐڐG,,,
48744,30,j,ls,Ј,y,,,,
48745,10Ζ,,ls,E,y,,,,
48746,30,,ls,,y,,,,
48747,20,j,ls,,,,,,
48748,50,j,ls,c,y,z҂ƐڐG,,,
48749,30,,sOij,,,,,,
48750,20,,ls,,,,,,
48751,40,j,sOij,,,,,,
48752,10,j,ls,w,y,z҂ƐڐG,,,
48753,30,,ls,Ј,y,,,,
48754,50,j,ls,,,,,,
48755,40,j,ls,,y,,,,
No,N,,Zn,E,Ǐ,L,,,
48756,40,,ls,E,y,,,,
48757,30,,ls,,y,,,,
48758,50,j,ls,Ј,y,,,,
48759,20,,ls,,,,,,
48760,30,j,ls,c,y,z҂ƐڐG,,,
48761,30,,ls,E,y,,,,
48762,20,,ls,,,,,,
48763,40,,sOij,Ј,y,,,,
48764,20,,ls,Ј,y,z҂ƐڐG,,,
48765,60,,ls,p[g,y,,,,
48766,30,j,ls,Ј,y,,,,
48767,40,,ls,p[g,y,z҂ƐڐG,,,
48768,20,j,ls,Ј,y,E̋^,,,
48769,50,j,ls,Ј,Ǐ,ƒ̋^,,,
48770,30,j,ls,Ј,y,ƒ̋^,,,
48771,20,,ls,Ј,y,,,,
48772,10,j,ls,,y,z҂ƐڐG,,,
48773,20,,ls,t,y,,,,
48774,40,,ls,Ј,y,,,,
48775,40,j,sOij,,,,,,
48776,50,j,ls,Ј,y,,,,
48777,20,j,ls,,,,,,
48778,30,j,ls,Ј,y,,,,
48779,20,j,ls,,,,,,
48780,20,j,ls,,,,,,
48781,40,j,sOij,,,,,,
48782,40,j,ls,,,,,,
48783,40,,ls,E,y,,,,
48784,50,,ls,Ј,y,E̋^,,,
48785,30,,ls,E,y,,,,
48786,30,j,ls,Ј,y,E̋^,,,
48787,40,,ls,ۈm,y,ƒ̋^,,,
48788,60,j,ls,p[g,y,,,,
48789,20,j,ls,p[g,y,,,,
48790,10Ζ,j,ls,E,y,ƒ̋^,,,
48791,20,j,ls,,y,,,,
48792,40,,ls,Ј,y,ƒ̋^,,,
48793,40,j,ls,Ј,y,,,,
48794,30,j,ls,Ј,y,,,,
No,N,,Zn,E,Ǐ,L,,,
48795,10Ζ,,ls,E,y,ƒ̋^,,,
48796,30,j,ls,Ј,y,,,,
48797,50,j,ls,c,y,,,,
48798,20,,ls,p[g,y,,,,
48799,40,,ls,p[g,y,,,,
48800,50,j,ls,Ј,y,,,,
48801,10,,ls,w,y,,,,
48802,20,,ls,p[g,y,,,,
48803,20,,ls,,y,,,,
48804,20,j,ls,Ј,y,,,,
48805,20,j,ls,,,,,,
48806,30,,ls,Ј,y,,,,
48807,30,j,ls,,,,,,
48808,40,,ls,Ј,y,ƒ̋^,,,
48809,10,j,ls,,Ǐ,ƒ̋^,,,
48810,20,,ls,,y,,,,
48811,20,j,ls,Ј,y,E̋^,,,
48812,50,j,ls,Ј,y,,,,
48813,20,,ls,E,y,,,,
48814,10,j,ls,w,y,ƒ̋^,,,
48815,30,,ls,,Ǐ,E̋^,,,
48816,10,j,ls,,,,,,
48817,50,,sOij,,y,ƒ̋^,,,
48818,20,j,ls,,y,,,,
48819,50,,ls,E,y,,,,
48820,20,j,ls,Ј,y,ƒ̋^,,,
48821,60,j,ls,,,,,,
48822,40,,ls,Ј,y,,,,
48823,10,,ls,w,y,,,,
48824,30,,ls,,y,,,,
48825,40,j,ls,Ј,y,E̋^,,,
48826,20,j,ls,Ј,y,E̋^,,,
48827,10,,ls,w,Ǐ,ƒ̋^,,,
48828,40,,ls,E,,,,,
48829,50,,ls,p[g,y,ƒ̋^,,,
48830,30,j,ls,,y,,,,
48831,50,j,ls,,,,,,
48832,10,,ls,w,y,ƒ̋^,,,
48833,40,j,ls,,y,,,,
No,N,,Zn,E,Ǐ,L,,,
48834,30,j,sOij,,y,,,,
48835,30,j,sOij,,y,,,,
48836,30,j,ls,Ј,y,,,,
48837,40,j,ls,,y,,,,
48838,40,j,ls,,Ǐ,,,,
48839,40,j,ls,Ј,y,,,,
48840,30,j,ls,Ј,y,,,,
48841,60,j,ls,E,y,,,,
48842,10,,ls,w,y,,,,
48843,80,,ls,,y,,,,
48844,40,j,ls,Ј,y,,,,
48845,80,,ls,E,y,,,,
48846,50,j,ls,Ј,y,,,,
48847,20,j,ls,Ј,y,,,,
48848,10Ζ,j,ls,w,y,ƒ̋^,,,
48849,20,j,ls,Ј,y,,,,
48850,10,,ls,,y,,,,
48851,10,,ls,Ј,y,,,,
48852,50,,ls,Ј,y,,,,
48853,50,j,ls,Ј,y,,,,
48854,60,j,ls,E,y,,,,
48855,20,,ls,Ј,y,,,,
48856,40,,ls,,,,,,
48857,20,j,ls,,y,,,,
48858,10,,ls,,y,,,,
48859,60,j,ls,,y,,,,
48860,20,j,ls,,,,,,
48861,20,,ls,Ј,y,,,,
48862,30,j,ls,E,y,,,,
48863,20,j,ls,,,,,,
48864,50,j,ls,Ј,y,ƒ̋^,,,
48865,40,,ls,,y,ƒ̋^,,,
48866,20,,ls,p[g,Ǐ,ƒ̋^,,,
48867,20,,ls,,y,,,,
48868,40,,ls,Ј,y,,,,
48869,20,,ls,,,,,,
48870,40,,ls,,,,,,
48871,30,,ls,Ј,y,,,,
48872,10,j,ls,Z,y,,,,
No,N,,Zn,E,Ǐ,L,,,
48873,20,j,ls,Ј,y,,,,
48874,30,,sOisj,Ј,y,,,,
48875,20,j,ls,,,,,,
48876,20,j,ls,Ј,y,z҂ƐڐG,,,
48877,10,,ls,Z,y,,,,
48878,20,j,ls,,y,,,,
48879,20,,ls,ۈm,y,,,,
48880,30,j,ls,Ј,y,,,,
48881,60,j,ls,Ј,y,,,,
48882,10,,ls,,y,,,,
48883,10Ζ,j,ls,E,Ǐ,ƒ̋^,,,
48884,40,j,ls,,y,,,,
48885,10,j,ls,w,y,,,,
48886,20,j,ls,,y,,,,
48887,20,j,ls,p[g,y,,,,
48888,50,j,ls,,y,,,,
48889,20,,ls,ۈm,y,,,,
48890,20,,ls,w,y,,,,
48891,40,,ls,E,y,z҂ƐڐG,,,
48892,70,j,ls,p[g,y,,,,
48893,30,j,ls,Ј,y,z҂ƐڐG,,,
48894,40,j,ls,c,y,,,,
48895,60,j,ls,p[g,Ǐ,ƒ̋^,,,
48896,20,j,ls,,y,,,,
48897,40,,ls,,y,ƒ̋^,,,
48898,10,,ls,p[g,y,z҂ƐڐG,,,
48899,40,,ls,Ј,Ǐ,ƒ̋^,,,
48900,20,j,ls,Ј,y,,,,
48901,10,,ls,E,y,,,,
48902,40,j,ls,Ј,y,E̋^,,,
48903,80,j,ls,E,,z҂ƐڐG,,,
48904,20,j,ls,p[g,y,,,,
48905,30,j,ls,Ј,y,,,,
48906,20,,ls,p[g,y,ƒ̋^,,,
48907,20,j,ls,Ј,y,,,,
48908,40,j,sOiOj,Ј,y,,,,
48909,20,j,ls,Ј,y,,,,
48910,30,,ls,Ј,y,,,,
48911,20,j,ls,p[g,y,,,,
No,N,,Zn,E,Ǐ,L,,,
48912,20,j,ls,,y,,,,
48913,50,,ls,,y,,,,
48914,10Ζ,j,ls,w,Ǐ,ƒ̋^,,,
48915,20,j,ls,,,,,,
48916,10Ζ,,ls,,,,,,
48917,30,,ls,Ј,y,,,,
48918,20,j,ls,Ј,y,,,,
48919,60,j,ls,Ј,y,,,,
48920,10,,ls,w,y,z҂ƐڐG,,,
48921,40,j,ls,,,,,,
48922,60,,ls,E,y,ƒ̋^,,,
48923,10Ζ,j,ls,w,Ǐ,z҂ƐڐG,,,
48924,10Ζ,j,ls,w,y,z҂ƐڐG,,,
48925,80,j,ls,E,y,ƒ̋^,,,
48926,50,j,ls,E,y,ƒ̋^,,,
48927,10Ζ,,ls,w,Ǐ,z҂ƐڐG,,,
48928,20,j,ls,c,y,,,,
48929,50,,ls,Ј,y,,,,
48930,50,,ls,p[g,y,E̋^,,,
48931,10,j,ls,Z,y,ƒ̋^,,,
48932,40,,ls,E,y,ƒ̋^,,,
48933,10,,ls,w,y,ƒ̋^,,,
48934,50,j,ls,Ј,y,,,,
48935,40,j,ls,Ј,y,,,,
48936,20,j,ls,,y,,,,
48937,10Ζ,j,ls,w,y,ƒ̋^,,,
48938,10,,ls,w,y,ƒ̋^,,,
48939,50,,ls,,,,,,
48940,30,j,ls,Ј,,,,,
48941,10Ζ,,ls,,,,,,
48942,40,j,ls,,,,,,
48943,30,,ls,,y,,,,
48944,10,,ls,w,y,,,,
48945,20,j,ls,,y,,,,
48946,90Έȏ,j,ls,E,y,{ݓɗz҂,,,
48947,20,,ls,,y,,,,
48948,50,,ls,,y,,,,
48949,20,j,ls,,y,,,,
48950,30,j,ls,Ј,y,,,,
No,N,,Zn,E,Ǐ,L,,,
48951,10,,ls,w,y,ƒ̋^,,,
48952,20,j,ls,w,y,ƒ̋^,,,
48953,50,j,ls,,y,,,,
48954,10,j,ls,w,y,ƒ̋^,,,
48955,30,j,ls,Ј,y,,,,
48956,10Ζ,,ls,E,y,,,,
48957,10Ζ,j,ls,E,y,,,,
48958,40,j,ls,,y,,,,
48959,30,j,ls,c,y,z҂ƐڐG,,,
48960,30,j,ls,Ј,y,,,,
48961,10Ζ,j,ls,E,y,ƒ̋^,,,
48962,40,,ls,,,,,,
48963,20,j,ls,p[g,y,,,,
48964,50,,ls,,y,,,,
48965,40,j,ls,Ј,y,,,,
48966,40,j,ls,Ј,y,ƒ̋^,,,
48967,40,j,ls,,y,ƒ̋^,,,
48968,10Ζ,j,ls,E,y,,,,
48969,10,,ls,,y,,,,
48970,10,,ls,,y,,,,
48971,50,j,ls,Ј,y,,,,
48972,20,,ls,Ј,y,,,,
48973,60,j,ls,Ј,y,ƒ̋^,,,
48974,10,j,ls,,y,,,,
48975,20,,sOij,,y,,,,
48976,80,,ls,E,y,ƒ̋^,,,
48977,20,,ls,Ј,y,ƒ̋^,,,
48978,40,j,ls,Ј,y,,,,
48979,40,,ls,,y,,,,
48980,20,j,ls,Ј,y,,,,
48981,10,j,ls,w,y,,,,
48982,50,j,ls,Ј,y,,,,
48983,10Ζ,j,ls,w,y,ƒ̋^,,,
48984,20,j,ls,,,,,,
48985,40,j,ls,c,y,,,,
48986,30,j,ls,c,y,,,,
48987,40,j,ls,Ј,y,,,,
48988,20,j,ls,,,,,,
48989,50,,ls,c,y,ƒ̋^,,,
No,N,,Zn,E,Ǐ,L,,,
48990,40,j,ls,,y,,,,
48991,20,j,ls,c,y,,,,
48992,20,j,ls,Ј,y,ƒ̋^,,,
48993,40,j,ls,Ј,Ǐ,ƒ̋^,,,
48994,10,j,ls,w,Ǐ,ƒ̋^,,,
48995,40,,ls,E,Ǐ,ƒ̋^,,,
48996,20,j,sOij,,y,,,,
48997,10,,ls,Z,y,ƒ̋^,,,
48998,40,j,ls,,y,,,,
48999,50,,ls,c,y,ƒ̋^,,,
49000,40,j,ls,,y,,,,
49001,40,,ls,Ј,y,,,,
49002,20,j,ls,Ј,y,,,,
49003,30,,ls,Ј,y,E̋^,,,
49004,30,,ls,Ј,y,,,,
49005,70,j,ls,p[g,y,,,,
49006,20,j,ls,Ј,y,,,,
49007,70,,ls,E,,,,,
49008,20,j,ls,E,y,z҂ƐڐG,,,
49009,20,j,ls,Ј,y,E̋^,,,
49010,20,j,ls,Ј,y,E̋^,,,
49011,20,j,ls,p[g,y,,,,
49012,30,,ls,Ј,y,,,,
49013,20,,ls,w,y,,,,
49014,20,j,ls,Ј,y,,,,
49015,30,j,ls,p[g,y,,,,
49016,60,j,ls,E,y,,,,
49017,30,,ls,Ј,y,,,,
49018,10Ζ,j,ls,,y,,,,
49019,60,,ls,E,y,,,,
49020,10,j,ls,Z,y,,,,
49021,20,j,ls,,y,,,,
49022,10,,ls,,,,,,
49023,20,j,ls,,y,,,,
49024,30,j,ls,p[g,y,,,,
49025,10,,ls,,,,,,
49026,10Ζ,,ls,,,,,,
49027,20,,ls,,y,,,,
49028,30,j,ls,Ј,y,,,,
No,N,,Zn,E,Ǐ,L,,,
49029,60,j,ls,,y,,,,
49030,20,j,ls,Ј,y,,,,
49031,40,,ls,,y,,,,
49032,20,j,ls,Ј,y,,,,
49033,40,,ls,E,y,ƒ̋^,,,
49034,20,j,ls,Ј,y,,,,
49035,60,j,ls,,,,,,
49036,10,j,sOij,w,y,z҂ƐڐG,,,
49037,20,,ls,,y,,,,
49038,10Ζ,j,ls,w,y,z҂ƐڐG,,,
49039,60,,ls,E,y,,,,
49040,80,,ls,E,y,z҂ƐڐG,,,
49041,40,,ls,E,y,z҂ƐڐG,,,
49042,30,,ls,E,y,,,,
49043,40,,ls,E,y,,,,
49044,40,,ls,E,y,,,,
49045,50,j,ls,,y,,,,
49046,10Ζ,j,ls,E,y,,,,
,,,,,,,,,
,,,,,,,,,
,,,,,,,,,
,,,,,,,,,
,,,,,,,,,
,,,,,,,,,
,,,,,,,,,
,,,,,,,,,
,,,,,,,,,
,,,,,,,,,
,,,,,,,,,
,,,,,,,,,
